{"createdAt": 1401231754, "totalTimesRated": 0, "newBackend": true, "attribution": "City of Los Angeles, Department of Animal Services", "query": {}, "publicationAppendEnabled": false, "name": "Animal Services Intake Data", "oid": 8082736, "grants": [{"inherited": false, "type": "viewer", "flags": ["public"]}], "metadata": {"custom_fields": {"Committed Update Frequency": {"Refresh rate": "Other - See Description"}, "Location Specified": {"Does this data have a Location column? (Yes or No)": "No"}, "Data Owner": {"Department": "Animal Services"}}, "availableDisplayTypes": ["table", "fatrow", "page"], "renderTypeConfig": {"visible": {"table": true}}}, "owner": {"profileImageUrlSmall": "/api/users/s8gh-rehm/profile_images/TINY", "profileImageUrlLarge": "/api/users/s8gh-rehm/profile_images/LARGE", "id": "s8gh-rehm", "screenName": "Animal Services OpenData", "profileImageUrlMedium": "/api/users/s8gh-rehm/profile_images/THUMB", "type": "interactive", "displayName": "Animal Services OpenData"}, "rowsUpdatedBy": "s8gh-rehm", "publicationStage": "published", "provenance": "official", "tableId": 1596602, "tableAuthor": {"profileImageUrlSmall": "/api/users/s8gh-rehm/profile_images/TINY", "profileImageUrlLarge": "/api/users/s8gh-rehm/profile_images/LARGE", "id": "s8gh-rehm", "screenName": "Animal Services OpenData", "profileImageUrlMedium": "/api/users/s8gh-rehm/profile_images/THUMB", "type": "interactive", "displayName": "Animal Services OpenData"}, "indexUpdatedAt": 1539213920, "columns": [{"id": 150141222, "dataTypeName": "text", "fieldName": "shelter", "name": "Shelter", "tableColumnId": 19962643, "width": 184, "renderTypeName": "text", "cachedContents": {"top": [{"item": "W VALLEY", "count": 20}, {"item": "N CENTRA", "count": 19}, {"item": "E VALLEY", "count": 18}, {"item": "S LA", "count": 17}, {"item": "W LA", "count": 16}, {"item": "HARBOR", "count": 15}, {"item": "ANNEX", "count": 14}, {"item": "N EAST", "count": 13}], "null": 0, "non_null": 187593, "largest": "W VALLEY", "smallest": "ANNEX"}, "format": {}, "description": "", "position": 1}, {"id": 150141223, "dataTypeName": "text", "fieldName": "animal_id", "name": "Animal ID#", "tableColumnId": 19962644, "width": 220, "renderTypeName": "text", "cachedContents": {"top": [{"item": "A1445413", "count": 20}, {"item": "A1445418", "count": 19}, {"item": "A1445425", "count": 18}, {"item": "A1445431", "count": 17}, {"item": "A1445433", "count": 16}, {"item": "A1445438", "count": 15}, {"item": "A1445440", "count": 14}, {"item": "A1445443", "count": 13}, {"item": "A1445464", "count": 12}, {"item": "A1445469", "count": 11}, {"item": "A1445472", "count": 10}, {"item": "A1445479", "count": 9}, {"item": "A1445484", "count": 8}, {"item": "A1445488", "count": 7}, {"item": "A1445491", "count": 6}, {"item": "A1445493", "count": 5}, {"item": "A1448768", "count": 4}, {"item": "A1448771", "count": 3}], "null": 0, "non_null": 187593, "largest": "A9176296", "smallest": "A0005212"}, "format": {}, "description": "", "position": 2}, {"id": 150141224, "dataTypeName": "calendar_date", "fieldName": "intake_date", "name": "Intake Date", "tableColumnId": 19962645, "width": 232, "renderTypeName": "calendar_date", "cachedContents": {"top": [{"item": "2013-11-13T00:00:00", "count": 20}, {"item": "2013-11-20T00:00:00", "count": 19}, {"item": "2013-11-21T00:00:00", "count": 18}, {"item": "2013-11-23T00:00:00", "count": 17}, {"item": "2013-11-26T00:00:00", "count": 16}, {"item": "2013-11-27T00:00:00", "count": 15}, {"item": "2013-11-30T00:00:00", "count": 14}, {"item": "2013-12-02T00:00:00", "count": 13}, {"item": "2013-12-03T00:00:00", "count": 12}, {"item": "2013-12-04T00:00:00", "count": 11}, {"item": "2013-12-05T00:00:00", "count": 10}, {"item": "2013-12-06T00:00:00", "count": 9}, {"item": "2013-12-07T00:00:00", "count": 8}, {"item": "2013-12-08T00:00:00", "count": 7}, {"item": "2013-12-09T00:00:00", "count": 6}, {"item": "2013-12-11T00:00:00", "count": 5}, {"item": "2013-12-12T00:00:00", "count": 4}, {"item": "2013-12-13T00:00:00", "count": 3}, {"item": "2013-12-14T00:00:00", "count": 2}, {"item": "2013-12-16T00:00:00", "count": 1}], "null": 0, "non_null": 187593, "largest": "2013-12-31T00:00:00", "smallest": "2011-01-01T00:00:00"}, "format": {"view": "date", "align": "left"}, "description": "", "position": 3}, {"id": 150141225, "dataTypeName": "text", "fieldName": "intake_type", "name": "Intake Type", "tableColumnId": 19962646, "width": 232, "renderTypeName": "text", "cachedContents": {"top": [{"item": "OWNER SUR", "count": 20}, {"item": "POS OWNER", "count": 19}, {"item": "EVIDENCE", "count": 18}, {"item": "STRAY", "count": 17}, {"item": "PERS PROP", "count": 16}, {"item": "WILDLIFE", "count": 15}, {"item": "ACTF", "count": 14}, {"item": "DISASTER", "count": 13}], "null": 0, "non_null": 187593, "largest": "WILDLIFE", "smallest": "ACTF"}, "format": {}, "description": "", "position": 4}, {"id": 150141226, "dataTypeName": "text", "fieldName": "intake_condition", "name": "Intake Condition", "tableColumnId": 19962647, "width": 292, "renderTypeName": "text", "cachedContents": {"top": [{"item": "DEAD", "count": 20}, {"item": "ALIVE", "count": 19}, {"item": "< 8 WEEKS", "count": 18}, {"item": "LITTER", "count": 17}], "null": 0, "non_null": 187593, "largest": "LITTER", "smallest": "< 8 WEEKS"}, "format": {}, "description": "", "position": 5}, {"id": 150141227, "dataTypeName": "text", "fieldName": "animal_type", "name": "Animal Type", "tableColumnId": 19962648, "width": 232, "renderTypeName": "text", "cachedContents": {"top": [{"item": "DOG", "count": 20}, {"item": "CAT", "count": 19}, {"item": "BIRD", "count": 18}, {"item": "OTHER", "count": 17}, {"item": "EQUINE", "count": 16}, {"item": "LIVESTOCK", "count": 15}], "null": 0, "non_null": 187593, "largest": "OTHER", "smallest": "BIRD"}, "format": {}, "description": "", "position": 6}, {"id": 150141228, "dataTypeName": "text", "fieldName": "group", "name": "Group", "tableColumnId": 19962649, "width": 160, "renderTypeName": "text", "cachedContents": {"top": [{"item": "MASTIFF", "count": 20}, {"item": "SPITZ", "count": 19}, {"item": "SHEPHERD", "count": 18}, {"item": "COLLIE", "count": 17}, {"item": "SETTER/RETRIEVE", "count": 16}, {"item": "POINTER", "count": 15}, {"item": "POODLE", "count": 14}, {"item": "TOY", "count": 13}, {"item": "SPANIEL", "count": 12}, {"item": "TERRIER", "count": 11}, {"item": "SIGHTHOUND", "count": 10}, {"item": "HOUND", "count": 9}, {"item": "SHORTHAIR", "count": 8}, {"item": "WILD", "count": 7}, {"item": "LONGHAIR", "count": 6}, {"item": "REPTILE", "count": 5}, {"item": "SHEEPDOG", "count": 4}, {"item": "EQUINE", "count": 3}, {"item": "RABBIT", "count": 2}, {"item": "UNKNOWN - AMIC", "count": 1}], "null": 65, "non_null": 187528, "largest": "WILD", "smallest": "CATTLE"}, "format": {}, "description": "", "position": 7}, {"id": 150141229, "dataTypeName": "text", "fieldName": "breed_1", "name": "Breed 1", "tableColumnId": 19962650, "width": 184, "renderTypeName": "text", "cachedContents": {"top": [{"item": "AMERICAN STAFF", "count": 20}, {"item": "GERM SHEPHERD", "count": 19}, {"item": "LABRADOR RETR", "count": 18}, {"item": "TERRIER MIX", "count": 17}, {"item": "CHIHUAHUA SH", "count": 16}, {"item": "STAFFORDSHIRE", "count": 15}, {"item": "DOMESTIC SH", "count": 14}, {"item": "PIT BULL", "count": 13}, {"item": "POODLE MIN", "count": 12}, {"item": "DOMESTIC MH", "count": 11}, {"item": "DOMESTIC LH", "count": 10}, {"item": "AM PIT BULL TER", "count": 9}, {"item": "CHICKEN", "count": 8}, {"item": "OPOSSUM", "count": 7}, {"item": "TURTLE", "count": 6}, {"item": "MALTESE", "count": 5}, {"item": "DACHSHUND", "count": 4}, {"item": "SHIH TZU", "count": 3}, {"item": "BOXER", "count": 2}, {"item": "YORKSHIRE TERR", "count": 1}], "null": 0, "non_null": 187593, "largest": "YORKSHIRE TERR", "smallest": "ABYSSINIAN"}, "format": {}, "description": "", "position": 8}, {"id": 150141230, "dataTypeName": "text", "fieldName": "breed_2", "name": "Breed 2", "tableColumnId": 19962651, "width": 184, "renderTypeName": "text", "cachedContents": {"top": [{"item": "MIX", "count": 20}, {"item": "POODLE MIN", "count": 19}, {"item": "GERM SHEPHERD", "count": 18}, {"item": "ROTTWEILER", "count": 17}, {"item": "BEAGLE", "count": 16}, {"item": "CHOW CHOW", "count": 15}, {"item": "COCKER SPAN", "count": 14}, {"item": "LABRADOR RETR", "count": 13}, {"item": "STAFFORDSHIRE", "count": 12}, {"item": "PIT BULL", "count": 11}, {"item": "AMERICAN STAFF", "count": 10}, {"item": "CHIHUAHUA SH", "count": 9}, {"item": "CHIHUAHUA LH", "count": 8}, {"item": "DACHSHUND", "count": 7}, {"item": "SLIDER", "count": 6}, {"item": "MALTESE", "count": 5}, {"item": "BOXER", "count": 4}, {"item": "SIBERIAN HUSKY", "count": 3}, {"item": "PUG", "count": 2}, {"item": "MIN PINSCHER", "count": 1}], "null": 143073, "non_null": 44520, "largest": "YORKSHIRE TERR", "smallest": "ABYSSINIAN"}, "format": {}, "description": "", "position": 9}], "downloadCount": 2828, "numberOfComments": 0, "hideFromDataJson": false, "hideFromCatalog": false, "rights": ["read"], "flags": ["default", "restorable", "restorePossibleForType"], "publicationGroup": 1596602, "tags": ["animal shelter", "city pound", "dog", "cat", "rabbit"], "license": {"name": "Creative Commons 1.0 Universal (Public Domain Dedication)", "termsLink": "http://creativecommons.org/publicdomain/zero/1.0/legalcode", "logoUrl": "images/licenses/ccZero.png"}, "viewType": "tabular", "displayType": "table", "viewLastModified": 1539213869, "id": "8cmr-fbcu", "description": "Dept of Animal Services animal intake data for 2011, 2012 and 2013", "publicationDate": 1401395064, "category": "A Well Run City", "licenseId": "CC0_10", "viewCount": 3586, "averageRating": 0, "rowsUpdatedAt": 1401231897}